Leader Name,Warm,Competent,Trustworthy,Committed,Benevolent,Responsible,Dominant,Determined,Aspirational,Authoritarian,Factor1,Factor2,Factor1_Rotated,Factor2_Rotated,Type
Aaron Sanders,4.666666666666667,4.555555555555555,4.333333333333333,4.888888888888889,4.555555555555555,4.666666666666667,4.666666666666667,5.111111111111111,4.0,4.888888888888889,0.877421055770906,-1.1758109736766609,-4.333333333367078,4.666666666635329,Real
Abraham Lincoln,5.375,6.125,5.875,6.3125,5.4375,5.875,5.8125,6.25,6.0,5.125,-2.4628679631601407,0.9185319497211568,-5.875000000042029,5.812499999957513,Real
Adolf Hitler,1.7058823529411764,4.0588235294117645,1.7058823529411764,5.823529411764706,2.764705882352941,2.3529411764705883,6.294117647058823,6.235294117647059,3.235294117647059,6.0588235294117645,5.346827535073693,1.6544224299413837,-1.7058823529866918,6.294117647046486,Real
Aegon the Conquerer,2.8333333333333335,5.722222222222222,4.055555555555555,6.0,3.7222222222222223,4.388888888888889,6.0,6.0,5.111111111111111,5.611111111111111,1.3619700508067618,1.7095289339031772,-4.055555555598943,5.99999999997067,Fictitious
Alex Furgeson,3.9523809523809526,4.9523809523809526,4.714285714285714,5.142857142857143,4.666666666666667,4.761904761904762,4.904761904761905,5.095238095238095,4.904761904761905,4.666666666666667,0.447902717338733,-0.6206509983585796,-4.714285714321179,4.9047619047278115,Real
Alexander the Great,3.625,5.625,4.4375,5.5625,4.3125,4.9375,5.75,5.9375,5.1875,5.0625,0.3961165399054018,0.8884347602629528,-4.437500000041579,5.749999999967908,Real
Alistair Begg,4.333333333333333,4.7272727272727275,4.416666666666667,4.75,4.7272727272727275,4.916666666666667,4.75,4.909090909090909,5.083333333333333,4.833333333333333,0.4731063222931719,-0.9394718609557021,-4.416666666701014,4.749999999968059,Real
Angela Merkel,4.333333333333333,5.266666666666667,4.933333333333334,5.6,5.0,5.5,4.5,5.285714285714286,5.142857142857143,4.214285714285714,-0.5817932523546199,-0.806533169731684,-4.933333333365872,4.499999999964323,Real
Angelina Jolie,5.125,5.6875,4.75,5.75,5.125,5.375,5.25,6.0,5.4375,4.0625,-1.1932593111565515,-0.26163681831794383,-4.750000000037962,5.249999999965649,Real
Aragorn,4.704545454545454,6.046511627906977,5.8604651162790695,6.113636363636363,5.5,5.931818181818182,5.651162790697675,6.255813953488372,5.5227272727272725,5.0,-2.0114822608754896,0.8382391296147375,-5.860465116319933,5.651162790655293,Fictitious
Arnold Schwarzenegger,5.125,5.5,5.25,5.875,5.0625,5.1875,5.6875,6.0625,5.6875,5.125,-1.2447972369139688,0.482674377204798,-5.250000000041125,5.687499999962033,Real
Bachar Al Assad,2.4444444444444446,3.3333333333333335,2.388888888888889,4.972222222222222,2.8055555555555554,3.142857142857143,5.514285714285714,5.6,3.4857142857142858,6.0,4.722635664811185,0.38037041501932045,-2.388888888928764,5.514285714268438,Real
Barack Obama,5.647058823529412,5.764705882352941,5.0,6.0,4.823529411764706,5.705882352941177,5.176470588235294,5.882352941176471,5.764705882352941,4.588235294117647,-1.643094738239105,-0.05645682901587695,-5.0000000000374305,5.176470588199135,Real
Batman,3.764705882352941,6.235294117647059,5.9375,6.117647058823529,5.470588235294118,5.882352941176471,6.117647058823529,6.294117647058823,5.352941176470588,4.764705882352941,-1.6391536146180001,1.3346891328237123,-5.937500000044237,6.117647058780589,Fictitious
Ben Carson,2.5294117647058822,3.0588235294117645,2.5294117647058822,3.8823529411764706,3.0588235294117645,3.411764705882353,2.7058823529411766,4.0588235294117645,3.5294117647058822,3.7058823529411766,4.51408883067471,-3.262737282845186,-2.5294117647254475,2.705882352922884,Real
Benjamin Netanyahu,3.0,4.916666666666667,3.4166666666666665,5.5,4.166666666666667,4.545454545454546,5.545454545454546,5.818181818181818,4.7272727272727275,5.636363636363637,1.8562657567201313,0.9157292464463012,-3.4166666667067664,5.545454545429837,Real
Bernie Sanders,4.2,4.933333333333334,4.133333333333334,5.533333333333333,4.533333333333333,5.066666666666666,4.2,5.533333333333333,5.133333333333334,4.066666666666666,0.2860620674439611,-1.0068462975214878,-4.133333333363703,4.1999999999701085,Real
Beyonce Knowles,4.833333333333333,5.5,4.833333333333333,5.833333333333333,5.166666666666667,5.230769230769231,5.615384615384615,6.166666666666667,5.538461538461538,4.6923076923076925,-0.9825852130454182,0.3501213442653584,-4.833333333373937,5.615384615349661,Real
Bill Clinton,5.125,5.5,3.75,5.375,4.1875,4.75,5.3125,5.6,4.5625,4.6875,0.43891009306978696,-0.29776169609012637,-3.7500000000384146,5.31249999997288,Real
Bill Gates,4.764705882352941,6.235294117647059,4.882352941176471,6.0588235294117645,5.0588235294117645,5.588235294117647,5.647058823529412,6.0,5.764705882352941,4.0,-1.4857661797272081,0.3778511401925332,-4.882352941217304,5.6470588234941035,Real
Bill Rigdon,4.375,5.0,5.0,5.0,4.875,4.875,5.125,4.625,4.75,5.0,0.1569074968097421,-0.7091363208150313,-5.000000000037058,5.1249999999638405,Real
Bill Self,4.0,5.25,3.75,6.0,4.0,4.75,5.5,5.75,5.75,6.0,0.7753850836406715,1.1326107033168435,-3.7500000000397717,5.49999999997288,Real
Billy Graham,4.3076923076923075,3.923076923076923,3.8461538461538463,5.153846153846154,4.153846153846154,4.538461538461538,4.0,5.384615384615385,4.230769230769231,4.0,1.3972741958540889,-1.7904356182218049,-3.8461538461827693,3.999999999972185,Real
Boris Johnson,4.75,5.25,4.0,5.25,3.75,5.0,4.25,5.25,5.0,3.75,0.41927309066785734,-1.3245012321178518,-4.000000000030731,4.249999999971072,Real
Braveheart,4.142857142857143,5.5,5.285714285714286,6.071428571428571,5.142857142857143,5.571428571428571,6.0,6.3076923076923075,5.5,5.142857142857143,-0.9985636536447999,1.1456575481276055,-5.285714285757671,5.999999999961774,Fictitious
Burchet,3.7,4.3,4.0,4.7,4.4,4.2,4.0,4.7,4.777777777777778,4.5,1.5671267308915384,-1.6293355232946487,-4.000000000028924,3.9999999999710725,Fictitious
Caesar,3.0714285714285716,5.5,4.285714285714286,5.214285714285714,3.5714285714285716,4.857142857142857,5.857142857142857,5.642857142857143,5.142857142857143,5.857142857142857,1.299351081591596,1.3335933690166466,-4.28571428575664,5.857142857111863,Real
Captain America,5.529411764705882,6.0588235294117645,6.294117647058823,6.529411764705882,5.764705882352941,6.117647058823529,6.0588235294117645,6.470588235294118,6.176470588235294,4.352941176470588,-3.1646895740597087,0.773127600982981,-6.294117647102634,6.058823529366245,Fictitious
Captain Mal,4.625,5.375,5.125,5.375,4.75,4.5,5.0,5.875,5.0,4.25,-0.3434590434504032,-0.5645978997831668,-5.125000000036154,4.999999999962936,Fictitious
Captain Piccard,4.466666666666667,6.0,5.866666666666666,6.066666666666666,5.133333333333334,6.133333333333334,5.266666666666667,6.066666666666666,5.533333333333333,5.2,-1.7755860718232868,0.7646480021866416,-5.866666666704749,5.26666666662424,Fictitious
Cesar Chavez,4.2105263157894735,5.421052631578948,4.578947368421052,5.894736842105263,4.421052631578948,5.105263157894737,5.421052631578948,5.842105263157895,5.052631578947368,5.0,0.0038325814725545665,0.46858461386702466,-4.578947368460251,5.421052631545833,Real
Chuck Norris,4.6,5.6,5.2,5.533333333333333,4.666666666666667,5.333333333333333,5.933333333333334,5.666666666666667,5.333333333333333,4.8,-0.7418212600605738,0.44982747609087625,-5.200000000042904,5.933333333295728,Real
Clint Eastwood,3.888888888888889,5.277777777777778,4.777777777777778,5.166666666666667,4.277777777777778,5.111111111111111,5.388888888888889,5.444444444444445,5.111111111111111,5.0,0.30522686830984763,0.18163758274573183,-4.777777777816744,5.3888888888543365,Real
Commander Shepard,4.416666666666667,5.666666666666667,5.25,5.583333333333333,4.916666666666667,5.666666666666667,5.5,5.833333333333333,5.333333333333333,5.25,-0.8967807653880808,0.580360594315569,-5.25000000003977,5.499999999962033,Fictitious
Daenerys Targaryen,4.038461538461538,5.461538461538462,5.3076923076923075,6.038461538461538,4.769230769230769,5.346153846153846,5.730769230769231,6.230769230769231,5.769230769230769,5.3076923076923075,-0.770671533378987,1.1003241263593193,-5.307692307733746,5.730769230730846,Fictitious
Dagny Taggart,3.6363636363636362,5.545454545454546,4.818181818181818,4.818181818181818,4.0,5.545454545454546,5.818181818181818,5.909090909090909,5.181818181818182,4.909090909090909,0.23745517147416814,0.7154363259022876,-4.81818181822389,5.818181818146973,Fictitious
Danielle Steel,4.5,5.0,4.571428571428571,5.285714285714286,4.357142857142857,4.642857142857143,4.357142857142857,5.571428571428571,5.214285714285714,3.7857142857142856,0.11661307663658577,-1.2317686695749441,-4.571428571460076,4.357142857109797,Real
Darth Vader,1.8823529411764706,5.5,2.375,5.882352941176471,2.823529411764706,4.9411764705882355,6.235294117647059,6.0588235294117645,4.294117647058823,5.823529411764706,3.1386663142243885,2.317511716822424,-2.3750000000450893,6.2352941176298815,Fictitious
David Cameron,3.6363636363636362,4.818181818181818,3.6363636363636362,4.909090909090909,3.727272727272727,4.7272727272727275,4.545454545454546,5.090909090909091,4.818181818181818,4.7272727272727275,1.6206349687414547,-0.6638944955229985,-3.636363636396505,4.545454545428248,Real
Denzel Washington,5.352941176470588,6.0,5.470588235294118,5.9411764705882355,4.882352941176471,5.9411764705882355,5.882352941176471,6.0588235294117645,5.352941176470588,4.647058823529412,-1.796258129242748,0.5323458747029446,-5.470588235336653,5.882352941136909,Real
Donald Trump,2.3529411764705883,3.588235294117647,2.6470588235294117,4.588235294117647,2.9411764705882355,3.2941176470588234,5.705882352941177,5.823529411764706,4.882352941176471,5.764705882352941,4.020110674187179,0.6506521042209645,-2.647058823570673,5.705882352922033,Real
Dr. Lee,4.6,5.5,5.4,5.3,3.9,5.333333333333333,5.0,5.222222222222222,4.444444444444445,4.111111111111111,-0.24645385934285413,-0.7138047145402986,-5.4000000000361545,4.999999999960948,Real
Dumbledore,5.625,5.75,5.6875,5.8125,5.5625,5.5625,5.0625,5.625,5.25,4.625,-1.9750641162459228,-0.45758918469280496,-5.687500000036605,5.0624999999588685,Fictitious
Dwigth Einsenhower,4.1875,5.625,4.9375,5.6875,4.8125,5.5625,5.6875,5.875,5.625,5.5,-0.6242817210235035,0.9641302976245708,-4.937500000041126,5.687499999964293,Real
Elizabeth Warren,4.454545454545454,4.636363636363637,4.636363636363637,4.909090909090909,4.7272727272727275,4.909090909090909,4.363636363636363,4.909090909090909,5.0,4.0,0.2168850584213049,-1.5966507335885374,-4.636363636395188,4.363636363602834,Real
Elon Musk,4.555555555555555,6.0,5.611111111111111,6.277777777777778,4.888888888888889,5.833333333333333,5.444444444444445,6.222222222222222,6.055555555555555,5.111111111111111,-1.7114542801990822,0.982579329201918,-5.611111111150478,5.4444444444038655,Real
Fenix,4.142857142857143,5.153846153846154,4.642857142857143,5.571428571428571,4.142857142857143,5.142857142857143,5.461538461538462,5.785714285714286,5.142857142857143,5.285714285714286,0.25595106120512584,0.505986760954522,-4.642857142896635,5.461538461504885,Fictitious
Fidel Castro,2.7058823529411766,3.8823529411764706,2.5294117647058822,4.823529411764706,2.8823529411764706,3.764705882352941,5.529411764705882,5.588235294117647,3.823529411764706,5.823529411764706,4.000183331900853,0.4603081664170945,-2.529411764745867,5.52941176468759,Real
Frank Underwoord,3.0,5.594594594594595,2.72972972972973,5.864864864864865,3.189189189189189,4.378378378378378,5.891891891891892,6.108108108108108,5.054054054054054,5.783783783783784,2.252174275655274,1.7525011044097578,-2.729729729772336,5.891891891872151,Fictitious
Franklin Delano Roosevelt,5.066666666666666,5.8619047619047615,5.35,5.966666666666667,5.347619047619048,6.071428571428571,5.316666666666666,6.104761904761904,5.828571428571428,5.073809523809524,-1.8991295963913728,0.5219064070532348,-5.350000000038444,5.316666666627976,Real
Gandalf,5.0588235294117645,5.882352941176471,5.823529411764706,6.176470588235294,5.529411764705882,5.647058823529412,5.764705882352941,6.294117647058823,5.882352941176471,4.588235294117647,-2.190535574155514,0.5895655373798648,-5.823529411806389,5.764705882310826,Fictitious
General Patton,3.4,5.666666666666667,4.533333333333333,5.933333333333334,4.0,5.733333333333333,5.8,6.133333333333334,4.933333333333334,5.533333333333333,0.31546847559270486,1.5059754037742898,-4.533333333375273,5.799999999967215,Real
Genghis Khan,2.3529411764705883,5.705882352941177,3.176470588235294,6.0588235294117645,3.235294117647059,4.9411764705882355,6.117647058823529,6.176470588235294,4.117647058823529,5.75,2.303253668551041,2.105619982670084,-3.176470588279532,6.117647058800555,Real
"George H. Bush, Sr.",3.75,4.125,3.5625,4.0625,3.6875,3.875,4.5,4.6875,3.8,4.875,2.6960546240807397,-1.501994865799871,-3.5625000000325397,4.499999999974237,Real
George Lucas,4.625,6.1875,5.0,5.875,5.1875,5.6875,5.1875,5.75,5.6875,4.875,-1.349120490550132,0.396646021432952,-5.00000000003751,5.1874999999638405,Real
George Patton,3.0816326530612246,5.73469387755102,4.959183673469388,5.895833333333333,4.020408163265306,5.63265306122449,6.081632653061225,6.122448979591836,5.653061224489796,6.0,0.10450125790709067,2.059955102512516,-4.9591836735133645,6.081632653025359,Real
George W. Bush,5.0,3.7058823529411766,4.0588235294117645,5.0,4.411764705882353,4.176470588235294,4.0,5.176470588235294,4.0588235294117645,4.294117647058823,1.232237114505455,-2.1710790029251283,-4.058823529440688,3.999999999970647,Real
George Washington,4.647058823529412,6.0588235294117645,5.9411764705882355,6.0625,5.176470588235294,6.0588235294117645,5.823529411764706,6.235294117647059,5.705882352941177,5.235294117647059,-1.96316243500247,1.1256578577145138,-5.941176470630345,5.82352941172174,Real
Ghandi,5.647058823529412,6.235294117647059,6.0625,6.352941176470588,5.588235294117647,5.9411764705882355,4.235294117647059,6.235294117647059,5.9411764705882355,4.0588235294117645,-2.947735032032463,-0.5632509270445233,-6.0625000000306235,4.235294117603216,Real
God,5.823529411764706,6.0,5.9411764705882355,5.823529411764706,5.529411764705882,5.764705882352941,6.0,5.764705882352941,5.588235294117647,5.235294117647059,-2.360394091502784,0.5000349000866033,-5.94117647063162,5.9999999999570335,Fictitious
Harriet Tubman,5.4,5.533333333333333,5.666666666666667,6.066666666666666,5.533333333333333,5.8,4.866666666666666,6.066666666666666,6.0,3.8,-2.325275553615313,-0.5728123771322949,-5.666666666701855,4.866666666625686,Real
Harry Potter,5.823529411764706,5.9411764705882355,6.0588235294117645,6.294117647058823,5.235294117647059,5.470588235294118,4.176470588235294,6.235294117647059,5.647058823529412,3.3529411764705883,-2.6173380000763706,-1.1571063690292425,-6.058823529441962,4.176470588191478,Fictitious
Harry Reid,3.6862745098039214,4.254901960784314,3.784313725490196,4.686274509803922,3.8627450980392157,4.352941176470588,4.313725490196078,5.02,4.176470588235294,4.117647058823529,1.9487709864103568,-1.5194591495966214,-3.784313725521388,4.31372549016871,Real
Harry Truman,4.0,5.125,4.875,5.125,4.5625,5.133333333333334,5.133333333333334,5.333333333333333,5.0,4.466666666666667,0.11366404181146175,-0.39609159024437035,-4.875000000037118,5.133333333298078,Real
Hayao Miyazaki,5.0,5.818181818181818,5.363636363636363,5.7272727272727275,4.7727272727272725,5.681818181818182,4.590909090909091,5.863636363636363,5.363636363636363,4.136363636363637,-1.415391924227759,-0.539098025721241,-5.363636363669559,4.590909090870301,Real
Hellboy,3.4166666666666665,5.0,5.0,5.5,4.75,4.416666666666667,5.333333333333333,5.416666666666667,4.583333333333333,4.333333333333333,0.5830613547487897,-0.25017953868302645,-5.000000000038565,5.3333333332971735,Fictitious
Hiawatha,4.6,5.163636363636364,5.090909090909091,5.254545454545455,4.796296296296297,5.072727272727272,4.7272727272727275,5.3090909090909095,5.0,4.2592592592592595,-0.39567626819247415,-0.9257039892732972,-5.090909090943272,4.727272727235911,Fictitious
Hillary Clinton,4.117647058823529,5.352941176470588,3.8823529411764706,5.411764705882353,4.117647058823529,5.0,5.235294117647059,6.117647058823529,5.0588235294117645,4.882352941176471,0.605717891886844,0.33219974105716393,-3.8823529412143274,5.235294117618982,Real
Huntsman,3.6923076923076925,5.384615384615385,5.0,5.230769230769231,3.6923076923076925,4.923076923076923,5.461538461538462,5.923076923076923,4.230769230769231,5.076923076923077,0.7665238612828935,0.44315767977155884,-5.000000000039493,5.461538461502302,Fictitious
Ingrid Newkirk,4.0588235294117645,3.8823529411764706,3.8823529411764706,5.352941176470588,4.294117647058823,4.235294117647059,4.9411764705882355,5.294117647058823,4.294117647058823,3.9411764705882355,1.517917504405329,-1.2372551457526995,-3.8823529412122,4.941176470560158,Real
Iron Man,4.411764705882353,5.352941176470588,5.117647058823529,5.235294117647059,4.647058823529412,4.705882352941177,5.470588235294118,5.705882352941177,5.235294117647059,4.705882352941177,-0.23509660331800092,-0.04159393075139432,-5.117647058863086,5.470588235257107,Fictitious
Jackie Long,4.363636363636363,4.909090909090909,5.090909090909091,4.909090909090909,4.454545454545454,4.545454545454546,4.090909090909091,5.090909090909091,4.545454545454546,3.8181818181818183,0.2811293766923107,-1.775475657641426,-5.09090909093867,4.090909090872274,Real
Jesus,6.117647058823529,6.529411764705882,6.235294117647059,6.294117647058823,5.294117647058823,6.0588235294117645,4.529411764705882,6.1875,6.1875,3.9411764705882355,-3.340296701223423,-0.4699546916131201,-6.235294117679808,4.529411764660789,Real
Jimmy Carter,5.75,5.375,5.375,5.5625,5.6875,5.8125,4.125,5.4375,5.1875,4.125,-1.8935257793999765,-1.4890934808512493,-5.375000000029827,4.124999999961129,Real
Joe Biden,5.176470588235294,5.294117647058823,4.764705882352941,5.647058823529412,4.882352941176471,5.588235294117647,4.352941176470588,5.294117647058823,4.764705882352941,4.0,-0.7927124471386137,-1.2570602210762472,-4.7647058823844155,4.35294117643613,Real
Joe Maddon,4.352941176470588,5.323529411764706,5.029411764705882,5.4411764705882355,4.323529411764706,5.294117647058823,4.882352941176471,5.529411764705882,5.117647058823529,4.515151515151516,-0.26274888550680786,-0.3547687840373882,-5.029411764741186,4.882352941140099,Real
John F. Kennedy,5.176470588235294,5.647058823529412,4.764705882352941,6.0,5.117647058823529,5.705882352941177,5.764705882352941,6.0,5.882352941176471,4.9411764705882355,-1.3882694713410817,0.6008493879605707,-4.764705882394625,5.764705882318483,Real
John Long,3.8,5.2,4.4,5.2,4.6,4.6,5.0,5.6,5.0,4.8,0.6029778321767334,-0.17452953327252257,-4.400000000036155,4.999999999968179,Real
John MacArthur,4.176470588235294,5.0588235294117645,5.0,5.411764705882353,5.0,5.117647058823529,5.0588235294117645,5.352941176470588,5.176470588235294,4.823529411764706,-0.23064017365567618,-0.29243570327005475,-5.00000000003658,5.058823529375605,Real
Jon Snow,4.723404255319149,5.74468085106383,5.76595744680851,6.0,5.0212765957446805,5.787234042553192,5.48936170212766,6.191489361702128,5.553191489361702,4.8936170212765955,-1.6374538901378461,0.5886908027950667,-5.765957446848202,5.4893617020859615,Fictitious
Joseph Stalin,1.6666666666666667,4.4,2.1333333333333333,5.533333333333333,2.1333333333333333,3.0,5.733333333333333,5.866666666666666,3.2,6.066666666666666,5.149659697197388,1.3744668455387277,-2.1333333333747935,5.733333333317905,Real
Justin Amash,4.2,4.3,4.4,4.5,4.2,4.0,4.5,4.6,4.5,4.3,1.4081816517871388,-1.752187391637796,-4.40000000003254,4.499999999968179,Real
Katniss Everdeen,4.333333333333333,5.916666666666667,5.583333333333333,5.833333333333333,5.333333333333333,5.833333333333333,5.636363636363637,6.363636363636363,5.75,4.083333333333333,-1.727940032879872,0.49134390131483346,-5.583333333374089,5.636363636323259,Fictitious
Keke Palmer,5.117647058823529,5.0588235294117645,5.0588235294117645,5.176470588235294,5.176470588235294,5.176470588235294,4.176470588235294,5.176470588235294,5.294117647058823,3.8823529411764706,-0.8856603992217578,-1.6685591933949377,-5.058823529441963,4.176470588198709,Real
Kim Jong Un,1.9230769230769231,3.0,1.8461538461538463,4.615384615384615,2.1538461538461537,2.769230769230769,6.0,5.538461538461538,3.923076923076923,6.461538461538462,5.7263807288508435,0.9323191186060593,-1.8461538461972347,5.999999999986648,Real
Kim Jung Il,1.8,2.933333333333333,1.8,5.266666666666667,2.466666666666667,2.7333333333333334,5.933333333333334,5.6,3.4,6.466666666666667,5.7568111199986784,1.0072378637848276,-1.8000000000429064,5.9333333333203155,Real
King Arthur,4.75,5.375,5.375,6.0,4.75,5.625,6.125,6.3125,5.625,5.8125,-1.0749394437066913,1.3486591208082133,-5.37500000004429,6.124999999961128,Fictitious
King David,4.916666666666667,5.166666666666667,4.583333333333333,5.5,4.916666666666667,5.333333333333333,5.636363636363637,5.5,5.5,5.583333333333333,-0.4575414155256047,0.37541857600714923,-4.583333333374089,5.636363636330491,Real
Lebron James,4.352941176470588,5.882352941176471,4.588235294117647,5.647058823529412,4.470588235294118,5.176470588235294,5.705882352941177,6.294117647058823,5.647058823529412,4.294117647058823,-0.5445770684040282,0.571422489214151,-4.588235294158906,5.705882352907995,Real
Lenin,3.1538461538461537,5.0,3.4615384615384617,5.846153846153846,3.8461538461538463,4.923076923076923,6.0,5.923076923076923,4.846153846153846,6.3076923076923075,1.7088477008167704,1.707818230450571,-3.4615384615818496,5.999999999974965,Real
Leroy Jethro Gibbs,4.266666666666667,6.2,6.0,6.133333333333334,4.933333333333334,6.2,6.4,6.533333333333333,5.0,5.733333333333333,-1.575611916219185,1.923416583811766,-6.0000000000462785,6.399999999956608,Fictitious
Liz Lemon,5.416666666666667,5.166666666666667,5.166666666666667,5.333333333333333,4.833333333333333,5.25,4.416666666666667,5.416666666666667,5.25,4.166666666666667,-1.0013181615421032,-1.2938268192971252,-5.166666666698602,4.416666666629302,Fictitious
Luke Skywalker,5.0,5.0,5.133333333333334,5.666666666666667,5.0,5.533333333333333,4.533333333333333,6.0,5.266666666666667,4.266666666666667,-1.0359693680749156,-0.7674461320515011,-5.133333333366113,4.53333333329621,Fictitious
Malala Yousafzai,5.478260869565218,5.608695652173913,5.6521739130434785,5.863636363636363,5.478260869565218,5.478260869565218,4.913043478260869,5.956521739130435,5.913043478260869,4.478260869565218,-2.0618981325609416,-0.3801257138923607,-5.652173913079003,4.913043478219993,Real
Malcolm X,3.875,5.125,4.25,5.3125,4.5,4.625,5.125,5.5625,5.125,4.9375,0.6624229665165995,-0.025535364918395018,-4.250000000037059,5.124999999969265,Real
Marco Rubio,3.357142857142857,3.5,3.142857142857143,4.0,3.2857142857142856,3.4615384615384617,3.5384615384615383,4.615384615384615,3.8461538461538463,4.769230769230769,3.566574118576627,-2.192733135003813,-3.142857142882729,3.5384615384388094,Real
Mark Zuckerberg,3.6875,6.0,3.8125,5.5,4.5,4.6,4.875,6.0,4.75,4.8125,0.7151478699677883,0.25743248528870644,-3.8125000000352514,4.874999999972428,Real
Marlo Thomas,5.2592592592592595,5.3076923076923075,5.074074074074074,5.555555555555555,5.148148148148148,5.407407407407407,4.555555555555555,5.518518518518518,5.444444444444445,4.592592592592593,-1.1612736077423076,-0.8046747808023775,-5.074074074107014,4.55555555551886,Real
Martin Luther King Jr.,5.705882352941177,6.235294117647059,5.9411764705882355,6.588235294117647,5.9411764705882355,6.0,5.705882352941177,6.705882352941177,6.352941176470588,4.823529411764706,-3.177187745340444,0.8904509639231997,-5.941176470629493,5.705882352898211,Real
Michael Jordan,4.705882352941177,5.647058823529412,4.9411764705882355,5.705882352941177,4.411764705882353,5.0,5.764705882352941,5.882352941176471,5.647058823529412,4.588235294117647,-0.6370150616691971,0.3959532130947174,-4.9411764706299195,5.764705882317207,Real
Mickey Mouse,6.1875,4.5625,5.625,5.3125,5.25,4.75,4.0,5.125,5.375,3.25,-1.4954722842739192,-2.6188823677756368,-5.625000000028921,3.9999999999593214,Fictitious
Mike Babcock,3.5,4.583333333333333,4.416666666666667,4.75,4.416666666666667,4.583333333333333,5.083333333333333,4.909090909090909,4.833333333333333,4.583333333333333,1.1818660372741265,-0.689520587138476,-4.416666666703424,5.083333333301392,Real
Mitt Romney,3.6666666666666665,4.133333333333334,3.4,4.6,3.466666666666667,3.933333333333333,4.2,4.533333333333333,3.8666666666666667,4.733333333333333,2.752926135051917,-1.5654514731701967,-3.4000000000303703,4.199999999975412,Real
Moses,5.529411764705882,5.588235294117647,5.823529411764706,6.235294117647059,5.235294117647059,5.823529411764706,4.9411764705882355,6.117647058823529,5.823529411764706,5.0,-2.1832667778342523,0.07658491395551688,-5.8235294118004335,4.941176470546121,Real
Myles Munroe,4.916666666666667,5.083333333333333,4.916666666666667,5.083333333333333,4.583333333333333,4.833333333333333,4.166666666666667,5.25,5.583333333333333,4.75,-0.3346742405200154,-1.131015774121844,-4.916666666696795,4.1666666666311105,Real
Napoleon,2.875,4.875,3.25,5.6875,3.3125,4.4375,6.1875,6.1875,4.875,6.25,2.3488990595369987,1.8948731779906556,-3.250000000044744,6.187499999976495,Real
Neil DeGrasse Tyson,5.733333333333333,6.4,6.0,6.133333333333334,5.066666666666666,6.066666666666666,4.533333333333333,6.066666666666666,5.6,4.2,-2.661950124428834,-0.39546791549562754,-6.000000000032778,4.533333333289942,Real
Nelson Mandela,5.6875,5.75,5.6875,6.4375,5.625,5.75,5.1875,6.6875,6.1875,4.5,-2.6449009354718727,0.24405447787964418,-5.687500000037509,5.1874999999588685,Real
Odin,3.5833333333333335,5.333333333333333,4.416666666666667,5.666666666666667,4.0,4.833333333333333,5.916666666666667,5.916666666666667,4.75,5.916666666666667,0.9183669312963363,1.2933506254368168,-4.416666666709451,5.916666666634726,Fictitious
Olivia Pope,4.076923076923077,5.576923076923077,4.615384615384615,5.5,4.5,5.153846153846154,5.384615384615385,5.730769230769231,5.346153846153846,4.6923076923076925,-0.10330639131626668,0.27971474722914913,-4.615384615423551,5.384615384582007,Fictitious
Oprah Winfrey,5.529411764705882,5.882352941176471,4.823529411764706,5.705882352941177,5.235294117647059,5.352941176470588,5.0588235294117645,5.764705882352941,5.647058823529412,4.705882352941177,-1.447211177307782,-0.22819698904309582,-4.823529411801285,5.058823529376881,Real
Oryou Sonozaki,5.4,5.0,4.8,5.0,5.4,5.8,4.6,5.4,5.2,5.8,-0.8757426497825409,-0.5386022076663803,-4.800000000033261,4.599999999965287,Fictitious
Pablo Escobar,2.857142857142857,5.5,2.857142857142857,5.785714285714286,3.0,3.9285714285714284,6.214285714285714,6.142857142857143,4.285714285714286,5.642857142857143,2.7581576585732197,1.7197243745384112,-2.857142857187794,6.21428571426505,Real
Paul Ryan,3.230769230769231,3.769230769230769,3.230769230769231,4.333333333333333,3.1538461538461537,3.769230769230769,4.461538461538462,4.666666666666667,4.076923076923077,4.615384615384615,3.280293096434619,-1.4140337783467782,-3.2307692308014926,4.461538461515096,Real
Professor Xavier,5.230769230769231,6.230769230769231,6.076923076923077,6.230769230769231,5.538461538461538,5.923076923076923,4.769230769230769,6.076923076923077,5.923076923076923,4.846153846153846,-2.5793562067109326,0.15409051129289053,-6.076923076957561,4.769230769186822,Fictitious
Qin Shi Huang,3.25,4.875,4.25,5.0,4.0,4.625,5.375,5.5,4.625,5.375,1.4974508274313,0.3255207377911724,-4.250000000038867,5.374999999969265,Real
Queen Elizabeth I,4.235294117647059,5.764705882352941,5.176470588235294,5.764705882352941,5.0588235294117645,5.705882352941177,5.529411764705882,5.9411764705882355,5.352941176470588,5.235294117647059,-0.93250646770611,0.7620600901918682,-5.1764705882752775,5.529411764668446,Real
Queen Elizabeth II,4.125,5.125,4.8125,5.4375,5.0,5.375,5.1875,5.4375,4.9375,5.375,-0.09180683945873341,0.12530285944979314,-4.8125000000375096,5.187499999965197,Real
Richard Branson,4.181818181818182,5.3,4.7272727272727275,5.363636363636363,5.1,5.181818181818182,5.454545454545454,5.636363636363637,5.363636363636363,4.7272727272727275,-0.32742339439217216,0.08409471972126498,-4.727272727312169,5.454545454511267,Real
Rick Grimes,3.4594594594594597,5.162162162162162,4.72972972972973,5.378378378378378,3.972972972972973,5.052631578947368,5.5,5.684210526315789,4.631578947368421,5.394736842105263,0.8377690355716341,0.638253885306913,-4.729729729769501,5.499999999965795,Fictitious
Ron Paul,4.25,5.4375,5.125,5.875,4.8125,5.8125,5.0625,5.9375,5.1875,4.75,-0.7966842856281896,0.21775542020413952,-5.125000000036606,5.062499999962936,Real
Ronald Reagan,4.470588235294118,4.823529411764706,4.352941176470588,5.294117647058823,5.0,4.9411764705882355,4.9411764705882355,5.176470588235294,4.882352941176471,5.470588235294118,0.3239466187986152,-0.35210402813748376,-4.3529411765063175,4.941176470556755,Real
Rosa Parks,5.5,6.0,6.0,6.75,5.5625,5.75,5.125,6.625,6.3125,3.9375,-2.9383490255023013,0.15239333887464918,-6.000000000037057,5.124999999956609,Real
Saddam Hussein,1.3333333333333333,3.066666666666667,1.4285714285714286,5.133333333333334,2.2,2.0,5.533333333333333,5.266666666666667,2.3333333333333335,5.2,6.703123204416203,0.0027774354505510634,-1.4285714286114426,5.533333333323001,Real
Shinzo Abe,4.3076923076923075,5.0,4.384615384615385,5.076923076923077,4.615384615384615,4.615384615384615,4.923076923076923,5.230769230769231,4.6923076923076925,4.384615384615385,0.5368888076858449,-0.842605902559406,-4.384615384650984,4.9230769230452145,Real
Spiderman,5.0,5.8,5.6,5.666666666666667,5.466666666666667,5.666666666666667,4.8,6.066666666666666,5.533333333333333,4.6,-1.789857057533876,-0.21904588339753123,-5.600000000034706,4.7999999999595016,Fictitious
Squall,3.5555555555555554,5.5,5.055555555555555,5.555555555555555,4.722222222222222,4.888888888888889,4.666666666666667,5.611111111111111,5.055555555555555,3.8333333333333335,-0.08563435383680405,-0.5456996195201103,-5.055555555589299,4.666666666630106,Fictitious
Steve Cohen,3.8846153846153846,4.769230769230769,4.269230769230769,4.769230769230769,3.923076923076923,4.923076923076923,4.576923076923077,4.884615384615385,4.653846153846154,4.730769230769231,1.1614901778097604,-0.8977545030629597,-4.2692307692638645,4.576923076892202,Real
Steve Jobs,3.1176470588235294,6.294117647058823,4.529411764705882,6.294117647058823,4.0,6.0588235294117645,6.588235294117647,6.647058823529412,6.117647058823529,6.117647058823529,-0.2798663702043628,3.007986254122053,-4.529411764753522,6.58823529408489,Real
Superman,4.823529411764706,5.882352941176471,6.125,6.235294117647059,5.823529411764706,6.0588235294117645,6.0,6.470588235294118,5.823529411764706,4.882352941176471,-2.473319287932567,1.0214191726851736,-6.125000000043385,5.999999999955704,Fictitious
The Dalai Lama,5.533333333333333,5.4,5.6,6.066666666666666,5.733333333333333,5.466666666666667,4.733333333333333,5.466666666666667,5.071428571428571,4.266666666666667,-1.8370460951126917,-0.927238349226251,-5.600000000034225,4.733333333292835,Real
The Holy Spirit,5.0,4.733333333333333,4.666666666666667,4.8,5.066666666666666,4.533333333333333,4.266666666666667,4.666666666666667,4.666666666666667,4.333333333333333,0.13574471417807624,-1.9019574959002743,-4.666666666697518,4.266666666632918,Fictitious
The Pope,5.5,6.0,5.6875,6.25,5.8125,6.0,4.9375,5.875,5.6875,4.8125,-2.4778067592797903,-0.01911701265450999,-5.687500000035701,4.9374999999588685,Real
Theodore Roosevelt,4.2,5.666666666666667,5.4,5.733333333333333,5.0,5.8,5.866666666666666,5.933333333333334,5.6,5.866666666666666,-0.9892344275635372,1.26858486900864,-5.400000000042422,5.866666666627614,Real
Thor,3.3529411764705883,5.470588235294118,5.588235294117647,5.764705882352941,4.352941176470588,5.0588235294117645,6.117647058823529,5.9411764705882355,5.235294117647059,5.235294117647059,-0.09389691693901811,1.2461574881172615,-5.588235294161883,6.117647058783115,Fictitious
Tim Cook,4.368421052631579,5.184210526315789,4.894736842105263,5.2894736842105265,4.368421052631579,5.2368421052631575,4.815789473684211,5.2894736842105265,5.2631578947368425,4.815789473684211,-0.10377493646523638,-0.41159334295907596,-4.894736842140085,4.815789473648812,Real
Tina Fey,5.2,5.533333333333333,5.066666666666666,5.8,5.266666666666667,5.333333333333333,4.8,5.733333333333333,5.2,4.133333333333334,-1.2740056534277284,-0.7086493506158447,-5.066666666701374,4.799999999963358,Real
Tom Brady,4.066666666666666,5.266666666666667,3.8,5.6,4.333333333333333,5.071428571428571,5.642857142857143,6.071428571428571,5.5,5.142857142857143,0.4596412452298195,0.7700184866693874,-3.8000000000408045,5.642857142829662,Real
Tom Chandler,4.4,4.2,4.333333333333333,4.8,4.5,4.6,3.7,4.5,4.6,3.7,0.8761414237164142,-2.467259278247444,-4.333333333360086,3.699999999968662,Fictitious
Tom Hanks,6.133333333333334,6.266666666666667,5.866666666666666,5.933333333333334,5.533333333333333,6.071428571428571,4.785714285714286,5.928571428571429,5.928571428571429,4.428571428571429,-2.931703398746866,-0.41317156559485546,-5.86666666670127,4.785714285671859,Real
Tom Wheeler,4.36,4.72,4.52,4.88,4.64,4.8,4.52,4.92,4.44,4.44,0.6089767367196784,-1.3311424733900157,-4.520000000032683,4.519999999967311,Real
Vladimir Putin,3.3333333333333335,5.733333333333333,3.142857142857143,5.333333333333333,3.2666666666666666,5.066666666666666,5.666666666666667,5.8,4.6,5.866666666666666,1.8498861207797224,1.343488598845332,-3.14285714289812,5.666666666643938,Real
Voltron,3.5272727272727273,4.9818181818181815,4.5636363636363635,5.127272727272727,4.545454545454546,4.672727272727273,5.618181818181818,5.8,4.5636363636363635,4.763636363636364,0.8322020574535652,0.18540427810155624,-4.563636363676989,5.618181818148814,Fictitious
Warren Buffet,3.9285714285714284,5.928571428571429,4.571428571428571,5.571428571428571,4.5,5.5,5.785714285714286,6.142857142857143,5.857142857142857,4.857142857142857,-0.44817983906481934,1.0302129565201592,-4.571428571470408,5.785714285681225,Real
Winston Churchill,4.235294117647059,6.117647058823529,5.117647058823529,6.117647058823529,4.6875,5.882352941176471,5.647058823529412,6.352941176470588,5.647058823529412,5.117647058823529,-1.1542878952650808,1.2353913312583762,-5.117647058864363,5.647058823492402,Real
Yoda,5.235294117647059,5.882352941176471,5.882352941176471,5.823529411764706,5.0588235294117645,6.0,4.352941176470588,5.705882352941177,5.882352941176471,4.9411764705882355,-2.0801748544079453,-0.32099850748608744,-5.882352941207945,4.352941176428048,Fictitious
